psql postgres postgres
DROP DATABASE IF EXISTS REST;

CREATE DATABASE REST
	WITH ENCODING='UTF8';

exit
psql rest postgres

-- TABLA PROVEEDOR
CREATE TABLE PROVEEDOR
(
	-- PRIMARY KEY
	ID_PROVEEDOR INTEGER PRIMARY KEY,

	-- INFO
	NOMBRE TEXT NOT NULL,
	TELEFONO BIGINT NOT NULL,
	DIRECCION TEXT NOT NULL,
	ESTATUS BOOLEAN DEFAULT TRUE
);

-- EXAMPLES
INSERT INTO PROVEEDOR VALUES(0, 'DEFAULT', 0, 'DEFAULT', DEFAULT);
INSERT INTO PROVEEDOR VALUES(1, 'McCain Foods', 0, 'Cruz Manca, Av. Santa Fe 505-piso 6, Santa Fe, Contadero, Cuajimalpa de Morelos, 05349 Ciudad de México, CDMX', DEFAULT);
INSERT INTO PROVEEDOR VALUES(2, 'Quarks Frozen & Food Service', 0, 'Calle Hospital 957, Artesanos, 44200 Guadalajara, Jal.', DEFAULT);
INSERT INTO PROVEEDOR VALUES(3, 'Lala Guadalajara', 0, 'Anillo Perif. Sur Manuel Gómez Morín 6201, Lopez Cotilla, 45610 San Pedro Tlaquepaque, Jal.', DEFAULT);
INSERT INTO PROVEEDOR VALUES(4, 'Carnes Selectas Grupo El Vallado', 0, 'Gral. Juan Domínguez 668 - C, Constitución, 45180 Zapopan, Jal.', DEFAULT);
INSERT INTO PROVEEDOR VALUES(5, 'Frigocarnes S de RL de CV', 0, 'Real de Acueducto 360, Real Acueducto, 44100 Guadalajara, Jal.', DEFAULT);
INSERT INTO PROVEEDOR VALUES(6, 'Industria de Alimentos Milpaverde SA de CV.', 0, 'Av. Chapultepec 15-Piso 11B Oficina 1, Col Americana, Ladron De Guevara, 44600 Guadalajara, Jal.', DEFAULT);
INSERT INTO PROVEEDOR VALUES(7, 'Productos de consumo Z', 0, 'Calz. Lázaro Cárdenas, Comercial Abastos, 44530 Guadalajara, Jal.', DEFAULT);

-- TABLA INSUMO
CREATE TABLE INSUMO
(
	-- PRIMARY KEY
	ID_INSUMO INTEGER PRIMARY KEY,

	-- INFO
	NOMBRE TEXT NOT NULL,
	DESCRIPCION TEXT NOT NULL,
	EXISTENCIAS INTEGER NOT NULL ,
	FECHA_CADUCIDAD DATE NOT NULL,
	ESTATUS BOOLEAN DEFAULT TRUE
);

-- TABLA INSUMO_PROVEEDOR
CREATE TABLE INSUMO_PROVEEDOR
(
	-- PRIMARY KEY
	ID_INSUMO_PROVEEDOR INTEGER PRIMARY KEY,

	-- FOREIGN KEY
	FK_PROVEEDOR INTEGER REFERENCES PROVEEDOR (ID_PROVEEDOR),
	FK_INSUMO INTEGER REFERENCES INSUMO (ID_INSUMO)
);

-- INSUMOS Y SUS PROVEEDORES
INSERT INTO INSUMO VALUES(0, 'DEFAULT', 'DEFAULT', 0, '1999-01-29', DEFAULT);
INSERT INTO INSUMO_PROVEEDOR VALUES(0, 0, 0);

INSERT INTO INSUMO VALUES(1, 'Filete', 'KG: Filete de res estandar', 30, '2023-06-25', DEFAULT);
INSERT INTO INSUMO_PROVEEDOR VALUES((SELECT MAX(ID_INSUMO_PROVEEDOR) FROM INSUMO_PROVEEDOR) + 1, 7, 1);
INSERT INTO INSUMO_PROVEEDOR VALUES((SELECT MAX(ID_INSUMO_PROVEEDOR) FROM INSUMO_PROVEEDOR) + 1, 6, 1);

INSERT INTO INSUMO VALUES(2, 'Cebolla', 'Unidad: Cebolla blanca', 50, '2023-06-25', DEFAULT);
INSERT INTO INSUMO_PROVEEDOR VALUES((SELECT MAX(ID_INSUMO_PROVEEDOR) FROM INSUMO_PROVEEDOR) + 1, 7, 2);
INSERT INTO INSUMO_PROVEEDOR VALUES((SELECT MAX(ID_INSUMO_PROVEEDOR) FROM INSUMO_PROVEEDOR) + 1, 6, 2);

INSERT INTO INSUMO VALUES(3, 'Tortilla', 'KG: Tortilla de maiz', 100, '2023-06-25', DEFAULT);
INSERT INTO INSUMO_PROVEEDOR VALUES((SELECT MAX(ID_INSUMO_PROVEEDOR) FROM INSUMO_PROVEEDOR) + 1, 7, 3);
INSERT INTO INSUMO_PROVEEDOR VALUES((SELECT MAX(ID_INSUMO_PROVEEDOR) FROM INSUMO_PROVEEDOR) + 1, 1, 3);

INSERT INTO INSUMO VALUES(4, 'Bolillo', 'Unidad: Bolillo/Birote de maiz', 15, '2023-06-25', DEFAULT);
INSERT INTO INSUMO_PROVEEDOR VALUES((SELECT MAX(ID_INSUMO_PROVEEDOR) FROM INSUMO_PROVEEDOR) + 1, 6, 4);
INSERT INTO INSUMO_PROVEEDOR VALUES((SELECT MAX(ID_INSUMO_PROVEEDOR) FROM INSUMO_PROVEEDOR) + 1, 1, 4);

INSERT INTO INSUMO VALUES(5, 'Carnitas', 'KG: Carnitas de cerdo', 5, '2023-06-25', DEFAULT);
INSERT INTO INSUMO_PROVEEDOR VALUES((SELECT MAX(ID_INSUMO_PROVEEDOR) FROM INSUMO_PROVEEDOR) + 1, 7, 5);
INSERT INTO INSUMO_PROVEEDOR VALUES((SELECT MAX(ID_INSUMO_PROVEEDOR) FROM INSUMO_PROVEEDOR) + 1, 6, 5);

INSERT INTO INSUMO VALUES(6, 'Jitomate', 'Unidad: Tomate rojo', 50, '2023-06-25', DEFAULT);
INSERT INTO INSUMO_PROVEEDOR VALUES((SELECT MAX(ID_INSUMO_PROVEEDOR) FROM INSUMO_PROVEEDOR) + 1, 2, 6);
INSERT INTO INSUMO_PROVEEDOR VALUES((SELECT MAX(ID_INSUMO_PROVEEDOR) FROM INSUMO_PROVEEDOR) + 1, 6, 6);
INSERT INTO INSUMO_PROVEEDOR VALUES((SELECT MAX(ID_INSUMO_PROVEEDOR) FROM INSUMO_PROVEEDOR) + 1, 7, 6);

INSERT INTO INSUMO VALUES(7, 'Lechuga', 'Unidad: Lechuga estandar', 45, '2023-06-25', DEFAULT);
INSERT INTO INSUMO_PROVEEDOR VALUES((SELECT MAX(ID_INSUMO_PROVEEDOR) FROM INSUMO_PROVEEDOR) + 1, 2, 7);
INSERT INTO INSUMO_PROVEEDOR VALUES((SELECT MAX(ID_INSUMO_PROVEEDOR) FROM INSUMO_PROVEEDOR) + 1, 6, 7);
INSERT INTO INSUMO_PROVEEDOR VALUES((SELECT MAX(ID_INSUMO_PROVEEDOR) FROM INSUMO_PROVEEDOR) + 1, 7, 7);

INSERT INTO INSUMO VALUES(8, 'Harina', 'KG: Harina de trigo', 8, '2023-06-25', DEFAULT);
INSERT INTO INSUMO_PROVEEDOR VALUES((SELECT MAX(ID_INSUMO_PROVEEDOR) FROM INSUMO_PROVEEDOR) + 1, 5, 8);
INSERT INTO INSUMO_PROVEEDOR VALUES((SELECT MAX(ID_INSUMO_PROVEEDOR) FROM INSUMO_PROVEEDOR) + 1, 4, 8);
INSERT INTO INSUMO_PROVEEDOR VALUES((SELECT MAX(ID_INSUMO_PROVEEDOR) FROM INSUMO_PROVEEDOR) + 1, 2, 8);

INSERT INTO INSUMO VALUES(9, 'Queso mozzarella', 'KG: Queso mozarella', 12, '2023-06-25', DEFAULT);
INSERT INTO INSUMO_PROVEEDOR VALUES((SELECT MAX(ID_INSUMO_PROVEEDOR) FROM INSUMO_PROVEEDOR) + 1, 4, 9);
INSERT INTO INSUMO_PROVEEDOR VALUES((SELECT MAX(ID_INSUMO_PROVEEDOR) FROM INSUMO_PROVEEDOR) + 1, 7, 9);
INSERT INTO INSUMO_PROVEEDOR VALUES((SELECT MAX(ID_INSUMO_PROVEEDOR) FROM INSUMO_PROVEEDOR) + 1, 5, 9);

INSERT INTO INSUMO VALUES(10, 'Pepperonni', 'KG: Queso mozarella', 12, '2023-06-25', DEFAULT);
INSERT INTO INSUMO_PROVEEDOR VALUES((SELECT MAX(ID_INSUMO_PROVEEDOR) FROM INSUMO_PROVEEDOR) + 1, 2, 10);
INSERT INTO INSUMO_PROVEEDOR VALUES((SELECT MAX(ID_INSUMO_PROVEEDOR) FROM INSUMO_PROVEEDOR) + 1, 6, 10);
INSERT INTO INSUMO_PROVEEDOR VALUES((SELECT MAX(ID_INSUMO_PROVEEDOR) FROM INSUMO_PROVEEDOR) + 1, 7, 10);

INSERT INTO INSUMO VALUES(11, 'Cafe soluble', 'GR: Cafe soluble', 30, '2023-06-25', DEFAULT);
INSERT INTO INSUMO_PROVEEDOR VALUES((SELECT MAX(ID_INSUMO_PROVEEDOR) FROM INSUMO_PROVEEDOR) + 1, 5, 11);
INSERT INTO INSUMO_PROVEEDOR VALUES((SELECT MAX(ID_INSUMO_PROVEEDOR) FROM INSUMO_PROVEEDOR) + 1, 4, 11);
INSERT INTO INSUMO_PROVEEDOR VALUES((SELECT MAX(ID_INSUMO_PROVEEDOR) FROM INSUMO_PROVEEDOR) + 1, 3, 11);

INSERT INTO INSUMO VALUES(12, 'Queso americano', 'ML: Queso americano', 4000, '2023-06-25', DEFAULT);
INSERT INTO INSUMO_PROVEEDOR VALUES((SELECT MAX(ID_INSUMO_PROVEEDOR) FROM INSUMO_PROVEEDOR) + 1, 2, 12);
INSERT INTO INSUMO_PROVEEDOR VALUES((SELECT MAX(ID_INSUMO_PROVEEDOR) FROM INSUMO_PROVEEDOR) + 1, 6, 12);
INSERT INTO INSUMO_PROVEEDOR VALUES((SELECT MAX(ID_INSUMO_PROVEEDOR) FROM INSUMO_PROVEEDOR) + 1, 7, 12);

INSERT INTO INSUMO VALUES(13, 'Naranja', 'Unidad: Naranja', 30, '2023-06-25', DEFAULT);
INSERT INTO INSUMO_PROVEEDOR VALUES((SELECT MAX(ID_INSUMO_PROVEEDOR) FROM INSUMO_PROVEEDOR) + 1, 3, 13);
INSERT INTO INSUMO_PROVEEDOR VALUES((SELECT MAX(ID_INSUMO_PROVEEDOR) FROM INSUMO_PROVEEDOR) + 1, 4, 13);
INSERT INTO INSUMO_PROVEEDOR VALUES((SELECT MAX(ID_INSUMO_PROVEEDOR) FROM INSUMO_PROVEEDOR) + 1, 6, 13);

INSERT INTO INSUMO VALUES(14, 'Limón', 'Unidad: Limón', 30, '2023-06-25', DEFAULT);
INSERT INTO INSUMO_PROVEEDOR VALUES((SELECT MAX(ID_INSUMO_PROVEEDOR) FROM INSUMO_PROVEEDOR) + 1, 1, 14);
INSERT INTO INSUMO_PROVEEDOR VALUES((SELECT MAX(ID_INSUMO_PROVEEDOR) FROM INSUMO_PROVEEDOR) + 1, 2, 14);
INSERT INTO INSUMO_PROVEEDOR VALUES((SELECT MAX(ID_INSUMO_PROVEEDOR) FROM INSUMO_PROVEEDOR) + 1, 7, 14);

INSERT INTO INSUMO VALUES(15, 'Pan hotdog', 'Unidad: Pan para hotdog', 20, '2023-06-25', DEFAULT);
INSERT INTO INSUMO_PROVEEDOR VALUES((SELECT MAX(ID_INSUMO_PROVEEDOR) FROM INSUMO_PROVEEDOR) + 1, 7, 15);
INSERT INTO INSUMO_PROVEEDOR VALUES((SELECT MAX(ID_INSUMO_PROVEEDOR) FROM INSUMO_PROVEEDOR) + 1, 6, 15);
INSERT INTO INSUMO_PROVEEDOR VALUES((SELECT MAX(ID_INSUMO_PROVEEDOR) FROM INSUMO_PROVEEDOR) + 1, 5, 15);

INSERT INTO INSUMO VALUES(16, 'Salchicha', 'Unidad: Salchicha de pavo', 20, '2023-06-25', DEFAULT);
INSERT INTO INSUMO_PROVEEDOR VALUES((SELECT MAX(ID_INSUMO_PROVEEDOR) FROM INSUMO_PROVEEDOR) + 1, 7, 16);
INSERT INTO INSUMO_PROVEEDOR VALUES((SELECT MAX(ID_INSUMO_PROVEEDOR) FROM INSUMO_PROVEEDOR) + 1, 4, 16);
INSERT INTO INSUMO_PROVEEDOR VALUES((SELECT MAX(ID_INSUMO_PROVEEDOR) FROM INSUMO_PROVEEDOR) + 1, 3, 16);

INSERT INTO INSUMO VALUES(17, 'Cafe', 'GR: Cafe soluble', 2300, '2023-06-25', DEFAULT);
INSERT INTO INSUMO_PROVEEDOR VALUES((SELECT MAX(ID_INSUMO_PROVEEDOR) FROM INSUMO_PROVEEDOR) + 1, 4, 17);
INSERT INTO INSUMO_PROVEEDOR VALUES((SELECT MAX(ID_INSUMO_PROVEEDOR) FROM INSUMO_PROVEEDOR) + 1, 5, 17);
INSERT INTO INSUMO_PROVEEDOR VALUES((SELECT MAX(ID_INSUMO_PROVEEDOR) FROM INSUMO_PROVEEDOR) + 1, 6, 17);

INSERT INTO INSUMO VALUES(18, 'Azúcar', 'GR: Azúcar estandar', 6400, '2023-06-25', DEFAULT);
INSERT INTO INSUMO_PROVEEDOR VALUES((SELECT MAX(ID_INSUMO_PROVEEDOR) FROM INSUMO_PROVEEDOR) + 1, 2, 18);
INSERT INTO INSUMO_PROVEEDOR VALUES((SELECT MAX(ID_INSUMO_PROVEEDOR) FROM INSUMO_PROVEEDOR) + 1, 3, 18);
INSERT INTO INSUMO_PROVEEDOR VALUES((SELECT MAX(ID_INSUMO_PROVEEDOR) FROM INSUMO_PROVEEDOR) + 1, 7, 18);

INSERT INTO INSUMO VALUES(19, 'Pan dulce', 'Unidad: Pan dulce', 20, '2023-06-25', DEFAULT);
INSERT INTO INSUMO_PROVEEDOR VALUES((SELECT MAX(ID_INSUMO_PROVEEDOR) FROM INSUMO_PROVEEDOR) + 1, 6, 19);
INSERT INTO INSUMO_PROVEEDOR VALUES((SELECT MAX(ID_INSUMO_PROVEEDOR) FROM INSUMO_PROVEEDOR) + 1, 7, 19);
INSERT INTO INSUMO_PROVEEDOR VALUES((SELECT MAX(ID_INSUMO_PROVEEDOR) FROM INSUMO_PROVEEDOR) + 1, 4, 19);

INSERT INTO INSUMO VALUES(20, 'Chile rojo', 'GR: Chile rojo', 900, '2023-06-25', DEFAULT);
INSERT INTO INSUMO_PROVEEDOR VALUES((SELECT MAX(ID_INSUMO_PROVEEDOR) FROM INSUMO_PROVEEDOR) + 1, 7, 20);
INSERT INTO INSUMO_PROVEEDOR VALUES((SELECT MAX(ID_INSUMO_PROVEEDOR) FROM INSUMO_PROVEEDOR) + 1, 6, 20);
INSERT INTO INSUMO_PROVEEDOR VALUES((SELECT MAX(ID_INSUMO_PROVEEDOR) FROM INSUMO_PROVEEDOR) + 1, 4, 20);

INSERT INTO INSUMO VALUES(21, 'Fideos', 'GR: Fideos para ramen', 3200, '2023-06-25', DEFAULT);
INSERT INTO INSUMO_PROVEEDOR VALUES((SELECT MAX(ID_INSUMO_PROVEEDOR) FROM INSUMO_PROVEEDOR) + 1, 5, 21);
INSERT INTO INSUMO_PROVEEDOR VALUES((SELECT MAX(ID_INSUMO_PROVEEDOR) FROM INSUMO_PROVEEDOR) + 1, 4, 21);
INSERT INTO INSUMO_PROVEEDOR VALUES((SELECT MAX(ID_INSUMO_PROVEEDOR) FROM INSUMO_PROVEEDOR) + 1, 7, 21);

INSERT INTO INSUMO VALUES(22, 'Huevo', 'Unidad: Huevo de gallina', 32, '2023-06-25', DEFAULT);
INSERT INTO INSUMO_PROVEEDOR VALUES((SELECT MAX(ID_INSUMO_PROVEEDOR) FROM INSUMO_PROVEEDOR) + 1, 2, 22);
INSERT INTO INSUMO_PROVEEDOR VALUES((SELECT MAX(ID_INSUMO_PROVEEDOR) FROM INSUMO_PROVEEDOR) + 1, 4, 22);
INSERT INTO INSUMO_PROVEEDOR VALUES((SELECT MAX(ID_INSUMO_PROVEEDOR) FROM INSUMO_PROVEEDOR) + 1, 3, 22);

INSERT INTO INSUMO VALUES(23, 'Pollo', 'Unidad: Pollo crudo completo', 10, '2023-06-25', DEFAULT);
INSERT INTO INSUMO_PROVEEDOR VALUES((SELECT MAX(ID_INSUMO_PROVEEDOR) FROM INSUMO_PROVEEDOR) + 1, 3, 23);
INSERT INTO INSUMO_PROVEEDOR VALUES((SELECT MAX(ID_INSUMO_PROVEEDOR) FROM INSUMO_PROVEEDOR) + 1, 4, 23);
INSERT INTO INSUMO_PROVEEDOR VALUES((SELECT MAX(ID_INSUMO_PROVEEDOR) FROM INSUMO_PROVEEDOR) + 1, 7, 23);

INSERT INTO INSUMO VALUES(24, 'Papa', 'KG: Papa cruda', 27, '2023-06-25', DEFAULT);
INSERT INTO INSUMO_PROVEEDOR VALUES((SELECT MAX(ID_INSUMO_PROVEEDOR) FROM INSUMO_PROVEEDOR) + 1, 2, 24);
INSERT INTO INSUMO_PROVEEDOR VALUES((SELECT MAX(ID_INSUMO_PROVEEDOR) FROM INSUMO_PROVEEDOR) + 1, 6, 24);
INSERT INTO INSUMO_PROVEEDOR VALUES((SELECT MAX(ID_INSUMO_PROVEEDOR) FROM INSUMO_PROVEEDOR) + 1, 7, 24);

-- TABLA PLATILLO
CREATE TABLE PLATILLO
(
	-- PRIMARY KEY
	ID_PLATILLO INTEGER PRIMARY KEY,
	
	-- INFO
	NOMBRE TEXT NOT NULL,
	PRECIO REAL NOT NULL,
	DESCRIPCION TEXT NOT NULL,
	IMAGEN BYTEA DEFAULT NULL,
	TIEMPO_PREPARACION INTEGER NOT NULL,
	CATEGORIA TEXT NOT NULL,
	ESTATUS BOOLEAN DEFAULT TRUE

);

INSERT INTO PLATILLO VALUES(0, 'DEFAULT', 0.0, 'DEFAULT', DEFAULT, 0, 'DEFAULT', DEFAULT);

-- TABLA INSUMO PLATILLO
CREATE TABLE INSUMO_PLATILLO
(
	-- PRIMARY KEY
	ID_INSUMO_PLATILLO INTEGER PRIMARY KEY,

	-- FOREIGN KEY
	FK_PLATILLO INTEGER REFERENCES PLATILLO (ID_PLATILLO),
	FK_INSUMO INTEGER REFERENCES INSUMO (ID_INSUMO),
	
	-- INFO
	CANTIDAD INTEGER NOT NULL CHECK(CANTIDAD > 0)
);

INSERT INTO INSUMO_PLATILLO VALUES(0, 0, 0, 1);

-- PLATILLOS --
INSERT INTO PLATILLO VALUES(1, 'tacos', 60.0, 'tortilla rellena con carne, pollo o verduras, acompañada de diversos ingredientes y salsas.', DEFAULT, 25, 'DEFAULT', DEFAULT);
INSERT INTO INSUMO_PLATILLO VALUES((SELECT MAX(ID_INSUMO_PLATILLO) FROM INSUMO_PLATILLO) + 1, 1, 1, 2);
INSERT INTO INSUMO_PLATILLO VALUES((SELECT MAX(ID_INSUMO_PLATILLO) FROM INSUMO_PLATILLO) + 1, 1, 2, 1);
INSERT INTO INSUMO_PLATILLO VALUES((SELECT MAX(ID_INSUMO_PLATILLO) FROM INSUMO_PLATILLO) + 1, 1, 3, 6);

INSERT INTO PLATILLO VALUES(2, 'torta', 45.0, 'sándwich hecho con pan blanco relleno de carne, aguacate, carne y otros ingredientes.', DEFAULT, 20, 'DEFAULT', DEFAULT);
INSERT INTO INSUMO_PLATILLO VALUES((SELECT MAX(ID_INSUMO_PLATILLO) FROM INSUMO_PLATILLO) + 1, 2, 4, 1);
INSERT INTO INSUMO_PLATILLO VALUES((SELECT MAX(ID_INSUMO_PLATILLO) FROM INSUMO_PLATILLO) + 1, 2, 2, 1);
INSERT INTO INSUMO_PLATILLO VALUES((SELECT MAX(ID_INSUMO_PLATILLO) FROM INSUMO_PLATILLO) + 1, 2, 6, 1);
INSERT INTO INSUMO_PLATILLO VALUES((SELECT MAX(ID_INSUMO_PLATILLO) FROM INSUMO_PLATILLO) + 1, 2, 7, 1);
INSERT INTO INSUMO_PLATILLO VALUES((SELECT MAX(ID_INSUMO_PLATILLO) FROM INSUMO_PLATILLO) + 1, 2, 23, 1);

INSERT INTO PLATILLO VALUES(3, 'pizza', 45.0, 'porción de pizza individual.', DEFAULT, 25, 'DEFAULT', DEFAULT);
INSERT INTO INSUMO_PLATILLO VALUES((SELECT MAX(ID_INSUMO_PLATILLO) FROM INSUMO_PLATILLO) + 1, 3, 9, 1);
INSERT INTO INSUMO_PLATILLO VALUES((SELECT MAX(ID_INSUMO_PLATILLO) FROM INSUMO_PLATILLO) + 1, 3, 8, 1);
INSERT INTO INSUMO_PLATILLO VALUES((SELECT MAX(ID_INSUMO_PLATILLO) FROM INSUMO_PLATILLO) + 1, 3, 6, 10);

INSERT INTO PLATILLO VALUES(4, 'pollo frito', 70.0, 'pollo frito estilo kfc.', DEFAULT, 30, 'DEFAULT', DEFAULT);
INSERT INTO INSUMO_PLATILLO VALUES((SELECT MAX(ID_INSUMO_PLATILLO) FROM INSUMO_PLATILLO) + 1, 4, 23, 1);
INSERT INTO INSUMO_PLATILLO VALUES((SELECT MAX(ID_INSUMO_PLATILLO) FROM INSUMO_PLATILLO) + 1, 4, 8, 1);
INSERT INTO INSUMO_PLATILLO VALUES((SELECT MAX(ID_INSUMO_PLATILLO) FROM INSUMO_PLATILLO) + 1, 4, 22, 4);

INSERT INTO PLATILLO VALUES(5, 'nachos', 15.0, 'totopos de maiz con queso americano.', DEFAULT, 10, 'DEFAULT', DEFAULT);
INSERT INTO INSUMO_PLATILLO VALUES((SELECT MAX(ID_INSUMO_PLATILLO) FROM INSUMO_PLATILLO) + 1, 5, 12, 250);
INSERT INTO INSUMO_PLATILLO VALUES((SELECT MAX(ID_INSUMO_PLATILLO) FROM INSUMO_PLATILLO) + 1, 5, 3, 1);

INSERT INTO PLATILLO VALUES(6, 'jugo', 20.0, 'bebida sin gas obtenida a partir de frutas y verduras, sin adición de azúcares ni conservantes.', DEFAULT, 5, 'DEFAULT', DEFAULT);
INSERT INTO INSUMO_PLATILLO VALUES((SELECT MAX(ID_INSUMO_PLATILLO) FROM INSUMO_PLATILLO) + 1, 6, 13, 6);
INSERT INTO INSUMO_PLATILLO VALUES((SELECT MAX(ID_INSUMO_PLATILLO) FROM INSUMO_PLATILLO) + 1, 6, 14, 2);

INSERT INTO PLATILLO VALUES(7, 'hot dog', 24.0, 'pan relleno de una salchicha, acompañado de salsas y otros ingredientes.', DEFAULT, 10, 'DEFAULT', DEFAULT);
INSERT INTO INSUMO_PLATILLO VALUES((SELECT MAX(ID_INSUMO_PLATILLO) FROM INSUMO_PLATILLO) + 1, 7, 15, 1);
INSERT INTO INSUMO_PLATILLO VALUES((SELECT MAX(ID_INSUMO_PLATILLO) FROM INSUMO_PLATILLO) + 1, 7, 16, 1);
INSERT INTO INSUMO_PLATILLO VALUES((SELECT MAX(ID_INSUMO_PLATILLO) FROM INSUMO_PLATILLO) + 1, 7, 2, 1);
INSERT INTO INSUMO_PLATILLO VALUES((SELECT MAX(ID_INSUMO_PLATILLO) FROM INSUMO_PLATILLO) + 1, 7, 6, 1);

INSERT INTO PLATILLO VALUES(8, 'cafe', 30.0, 'bebida caliente obtenida a partir de la infusión de granos de café molidos en agua caliente.', DEFAULT, 5, 'DEFAULT', DEFAULT);
INSERT INTO INSUMO_PLATILLO VALUES((SELECT MAX(ID_INSUMO_PLATILLO) FROM INSUMO_PLATILLO) + 1, 8, 17, 50);
INSERT INTO INSUMO_PLATILLO VALUES((SELECT MAX(ID_INSUMO_PLATILLO) FROM INSUMO_PLATILLO) + 1, 8, 18, 130);

INSERT INTO PLATILLO VALUES(9, 'pan dulce', 12.0, 'pan dulce variado.', DEFAULT, 0, 'DEFAULT', DEFAULT);
INSERT INTO INSUMO_PLATILLO VALUES((SELECT MAX(ID_INSUMO_PLATILLO) FROM INSUMO_PLATILLO) + 1, 9, 19, 1);

INSERT INTO PLATILLO VALUES(10, 'enchiladas', 50.0, 'tortillas de maíz rellenas de carne o pollo, cubiertas con salsa picante y queso rallado.', DEFAULT, 15, 'DEFAULT', DEFAULT);
INSERT INTO INSUMO_PLATILLO VALUES((SELECT MAX(ID_INSUMO_PLATILLO) FROM INSUMO_PLATILLO) + 1, 10, 3, 6);
INSERT INTO INSUMO_PLATILLO VALUES((SELECT MAX(ID_INSUMO_PLATILLO) FROM INSUMO_PLATILLO) + 1, 10, 2, 2);
INSERT INTO INSUMO_PLATILLO VALUES((SELECT MAX(ID_INSUMO_PLATILLO) FROM INSUMO_PLATILLO) + 1, 10, 6, 4);
INSERT INTO INSUMO_PLATILLO VALUES((SELECT MAX(ID_INSUMO_PLATILLO) FROM INSUMO_PLATILLO) + 1, 10, 20, 5);
INSERT INTO INSUMO_PLATILLO VALUES((SELECT MAX(ID_INSUMO_PLATILLO) FROM INSUMO_PLATILLO) + 1, 10, 9, 1);
INSERT INTO INSUMO_PLATILLO VALUES((SELECT MAX(ID_INSUMO_PLATILLO) FROM INSUMO_PLATILLO) + 1, 10, 7, 1);

INSERT INTO PLATILLO VALUES(11, 'ramen', 60.0, 'sopa japonesa compuesta por fideos de trigo, caldo y diferentes ingredientes como carne, verduras y huevo.', DEFAULT, 15, 'DEFAULT', DEFAULT);
INSERT INTO INSUMO_PLATILLO VALUES((SELECT MAX(ID_INSUMO_PLATILLO) FROM INSUMO_PLATILLO) + 1, 11, 21, 500);
INSERT INTO INSUMO_PLATILLO VALUES((SELECT MAX(ID_INSUMO_PLATILLO) FROM INSUMO_PLATILLO) + 1, 11, 22, 2);
INSERT INTO INSUMO_PLATILLO VALUES((SELECT MAX(ID_INSUMO_PLATILLO) FROM INSUMO_PLATILLO) + 1, 11, 23, 1);
INSERT INTO INSUMO_PLATILLO VALUES((SELECT MAX(ID_INSUMO_PLATILLO) FROM INSUMO_PLATILLO) + 1, 11, 7, 1);

INSERT INTO PLATILLO VALUES(12, 'papas a la francesa', 30.0, 'papas fritas a la francesa.', DEFAULT, 15, 'DEFAULT', DEFAULT);
INSERT INTO INSUMO_PLATILLO VALUES((SELECT MAX(ID_INSUMO_PLATILLO) FROM INSUMO_PLATILLO) + 1, 12, 24, 1);


-- TABLA EMPLEADO
CREATE TABLE EMPLEADO
(
	-- PRIMARY KEY
	ID_EMPLEADO INTEGER PRIMARY KEY,

	-- INFO
	NOMBRE TEXT NOT NULL,
	CONTRASENA TEXT NOT NULL,
	TELEFONO BIGINT NOT NULL,
	PUESTO TEXT NOT NULL,
	SUELDO INTEGER NOT NULL,
	TELEFONO_EMERGENCIA BIGINT NOT NULL,
	ESTATUS BOOLEAN DEFAULT TRUE
);

-- EXAMPLES
INSERT INTO EMPLEADO VALUES(0, 'DEFAULT', 'DEFAULT', 0, 'DEFAULT', 0, 0, DEFAULT);
INSERT INTO EMPLEADO VALUES(1, 'Juan', '123', 3678126321, 'gerente', 4200, 3712897398, DEFAULT);
INSERT INTO EMPLEADO VALUES(2, 'Maria', '123', 37126321, 'gerente', 3800, 8361287363, DEFAULT);
INSERT INTO EMPLEADO VALUES(2, 'Carla', '123', 310230, 'cajero', 2700, 5893478953, DEFAULT);
INSERT INTO EMPLEADO VALUES(2, 'Fatima', '123', 5789347893, 'cajero', 2700, 389127839, DEFAULT);
INSERT INTO EMPLEADO VALUES(3, 'Ximena', '123', 12312312, 'repartidor', 1400, 437264312, DEFAULT);
INSERT INTO EMPLEADO VALUES(4, 'Carlos', '123', 435345345, 'repartidor', 1400, 472364723, DEFAULT);
INSERT INTO EMPLEADO VALUES(5, 'Javier', '123', 37218937, 'repartidor', 1400, 4263743, DEFAULT);
INSERT INTO EMPLEADO VALUES(6, 'Kevin', '123', 317298371, 'cocinero', 2200, 4892374892, DEFAULT);
INSERT INTO EMPLEADO VALUES(7, 'Brenda', '123', 3127893, 'cocinero', 2200, 574412334, DEFAULT);

-- TABLA COMANDA
CREATE TABLE COMANDA
(
	-- PRIMARY KEY
	ID_COMANDA INTEGER PRIMARY KEY,

	-- FOREIGN KEY
	FK_EMPLEADO INTEGER REFERENCES EMPLEADO (ID_EMPLEADO),

	-- INFO
	NOMBRE_CLIENTE TEXT NOT NULL,
	LOCAL INTEGER,
	PLAZA TEXT,
	PISO TEXT,
	PASILLO TEXT,
	HORA_ENTREGA TIME WITHOUT TIME ZONE,
	FECHA DATE NOT NULL DEFAULT NOW(),
	ESTATUS CHAR DEFAULT 'p'
	-- p: pendiente, e: entregado, g: pagado
);

-- EXAMPLES
INSERT INTO COMANDA VALUES(0, 0, 'DEFAULT', 0, 'DEFAULT', 'DEFAULT', 'DEFAULT', '00:00', '1999-01-29', DEFAULT);

-- TABLA PLATILLO_COMANDA
CREATE TABLE PLATILLO_COMANDA
(
	-- PRIMARY KEY
	ID_PLATILLO_COMANDA INTEGER PRIMARY KEY,

	-- FOREIGN KEY
	FK_PLATILLO INTEGER REFERENCES PLATILLO (ID_PLATILLO),
	FK_COMANDA INTEGER REFERENCES COMANDA (ID_COMANDA),

	-- INFO
	CANTIDAD INTEGER NOT NULL CHECK (CANTIDAD > 0),
	COSTO REAL NOT NULL CHECK (COSTO >= 0.0)
);

-- EXAMPLES
INSERT INTO PLATILLO_COMANDA VALUES(0, 0, 0, 1, 0.0);

INSERT INTO COMANDA VALUES(1, 0, 'Ximena', 32, 'tecnologia', '1', '5', '00:00', DEFAULT, DEFAULT);
INSERT INTO PLATILLO_COMANDA VALUES((SELECT MAX(ID_PLATILLO_COMANDA) FROM PLATILLO_COMANDA) + 1, 1, 1, 5, (SELECT PRECIO FROM PLATILLO WHERE ID_PLATILLO = 1));
INSERT INTO PLATILLO_COMANDA VALUES((SELECT MAX(ID_PLATILLO_COMANDA) FROM PLATILLO_COMANDA) + 1, 6, 1, 1, (SELECT PRECIO FROM PLATILLO WHERE ID_PLATILLO = 6));
INSERT INTO PLATILLO_COMANDA VALUES((SELECT MAX(ID_PLATILLO_COMANDA) FROM PLATILLO_COMANDA) + 1, 9, 1, 2, (SELECT PRECIO FROM PLATILLO WHERE ID_PLATILLO = 9));

INSERT INTO COMANDA VALUES(2, 0, 'Dario', 12, 'tecnologia', '2', '4', '13:00', DEFAULT, DEFAULT);
INSERT INTO PLATILLO_COMANDA VALUES((SELECT MAX(ID_PLATILLO_COMANDA) FROM PLATILLO_COMANDA) + 1, 2, 2, 3, (SELECT PRECIO FROM PLATILLO WHERE ID_PLATILLO = 2));
INSERT INTO PLATILLO_COMANDA VALUES((SELECT MAX(ID_PLATILLO_COMANDA) FROM PLATILLO_COMANDA) + 1, 5, 2, 2, (SELECT PRECIO FROM PLATILLO WHERE ID_PLATILLO = 5));
INSERT INTO PLATILLO_COMANDA VALUES((SELECT MAX(ID_PLATILLO_COMANDA) FROM PLATILLO_COMANDA) + 1, 8, 2, 6, (SELECT PRECIO FROM PLATILLO WHERE ID_PLATILLO = 8));
INSERT INTO PLATILLO_COMANDA VALUES((SELECT MAX(ID_PLATILLO_COMANDA) FROM PLATILLO_COMANDA) + 1, 12, 2, 1, (SELECT PRECIO FROM PLATILLO WHERE ID_PLATILLO = 12));

INSERT INTO COMANDA VALUES(3, 0, 'Pepe', 54, 'tecnologia', '1', '3', '13:30', DEFAULT, DEFAULT);
INSERT INTO PLATILLO_COMANDA VALUES((SELECT MAX(ID_PLATILLO_COMANDA) FROM PLATILLO_COMANDA) + 1, 5, 3, 3, (SELECT PRECIO FROM PLATILLO WHERE ID_PLATILLO = 5));
INSERT INTO PLATILLO_COMANDA VALUES((SELECT MAX(ID_PLATILLO_COMANDA) FROM PLATILLO_COMANDA) + 1, 6, 3, 2, (SELECT PRECIO FROM PLATILLO WHERE ID_PLATILLO = 6));
INSERT INTO PLATILLO_COMANDA VALUES((SELECT MAX(ID_PLATILLO_COMANDA) FROM PLATILLO_COMANDA) + 1, 7, 3, 2, (SELECT PRECIO FROM PLATILLO WHERE ID_PLATILLO = 7));
INSERT INTO PLATILLO_COMANDA VALUES((SELECT MAX(ID_PLATILLO_COMANDA) FROM PLATILLO_COMANDA) + 1, 8, 3, 1, (SELECT PRECIO FROM PLATILLO WHERE ID_PLATILLO = 8));

INSERT INTO COMANDA VALUES(4, 0, 'Ulises', 19, 'frikiplaza', '2', '7', '14:00', DEFAULT, DEFAULT);
INSERT INTO PLATILLO_COMANDA VALUES((SELECT MAX(ID_PLATILLO_COMANDA) FROM PLATILLO_COMANDA) + 1, 7, 4, 3, (SELECT PRECIO FROM PLATILLO WHERE ID_PLATILLO = 7));
INSERT INTO PLATILLO_COMANDA VALUES((SELECT MAX(ID_PLATILLO_COMANDA) FROM PLATILLO_COMANDA) + 1, 2, 4, 5, (SELECT PRECIO FROM PLATILLO WHERE ID_PLATILLO = 2));
INSERT INTO PLATILLO_COMANDA VALUES((SELECT MAX(ID_PLATILLO_COMANDA) FROM PLATILLO_COMANDA) + 1, 11, 4, 2, (SELECT PRECIO FROM PLATILLO WHERE ID_PLATILLO = 11));

INSERT INTO COMANDA VALUES(5, 0, 'Emmanuel', 9, 'frikiplaza', '3', '3', '14:30', DEFAULT, DEFAULT);
INSERT INTO PLATILLO_COMANDA VALUES((SELECT MAX(ID_PLATILLO_COMANDA) FROM PLATILLO_COMANDA) + 1, 1, 5, 6, (SELECT PRECIO FROM PLATILLO WHERE ID_PLATILLO = 1));
INSERT INTO PLATILLO_COMANDA VALUES((SELECT MAX(ID_PLATILLO_COMANDA) FROM PLATILLO_COMANDA) + 1, 8, 5, 4, (SELECT PRECIO FROM PLATILLO WHERE ID_PLATILLO = 8));
INSERT INTO PLATILLO_COMANDA VALUES((SELECT MAX(ID_PLATILLO_COMANDA) FROM PLATILLO_COMANDA) + 1, 4, 5, 3, (SELECT PRECIO FROM PLATILLO WHERE ID_PLATILLO = 4));

